,Anest,Bnest,ABnest,Cmono,Other,Non-monophyletic,Poor-resolution,Anest_total,Bnest_total,ABnest_total,Cmono_total,Other_total,Non-monophyletic_total,Poor-resolution_total,Anest_core,Bnest_core,ABnest_core,Cmono_core,Other_core,Non-monophyletic_core,Poor-resolution_core,Anest_a,Bnest_a,ABnest_a,Cmono_a,Other_a,Non-monophyletic_a,Poor-resolution_a,Anest_b,Bnest_b,ABnest_b,Cmono_b,Other_b,Non-monophyletic_b,Poor-resolution_b,total,core,a,b,name,disp,ne,time,int,history
coresim_m0_n50000_e200000_i50000_CAB,0,0,14,0,0,0,6,0,0,3.316676463,0,0,0,1.418824171,0,0,1.541561285,0,0,0,0.661564078,0,0,1.536106871,0,0,0,0.658501706,0,0,1.373928613,0,0,0,0.592652335,4.735500633,2.203125363,2.194608577,1.966580948,coresim_m0_n50000_e200000_i50000_CAB,0,50000,200000,50000,CAB
coresim_m0_n50000_e200000_i50000_ACB,0,20,0,0,0,0,0,0,4.870960401,0,0,0,0,0,0,2.153231664,0,0,0,0,0,0,2.464211993,0,0,0,0,0,0,2.018329233,0,0,0,0,0,4.870960401,2.153231664,2.464211993,2.018329233,coresim_m0_n50000_e200000_i50000_ACB,0,50000,200000,50000,ACB
coresim_m0_n50000_e200000_i50000_ABC,0,0,0,20,0,0,0,0,0,0,5.001250366,0,0,0,0,0,0,1.975314549,0,0,0,0,0,0,2.532183326,0,0,0,0,0,0,2.314857844,0,0,0,5.001250366,1.975314549,2.532183326,2.314857844,coresim_m0_n50000_e200000_i50000_ABC,0,50000,200000,50000,ABC
coresim_m0_n50000_e200000_i100000_CAB,0,0,15,0,0,0,5,0,0,3.956521307,0,0,0,1.315235953,0,0,1.729268462,0,0,0,0.575637615,0,0,1.703136457,0,0,0,0.568821393,0,0,1.367760362,0,0,0,0.45899411,5.271757259,2.304906077,2.271957851,1.826754472,coresim_m0_n50000_e200000_i100000_CAB,0,50000,200000,100000,CAB
coresim_m0_n50000_e200000_i100000_ACB,0,20,0,0,0,0,0,0,5.500007271,0,0,0,0,0,0,2.154615723,0,0,0,0,0,0,2.84239894,0,0,0,0,0,0,1.910416759,0,0,0,0,0,5.500007271,2.154615723,2.84239894,1.910416759,coresim_m0_n50000_e200000_i100000_ACB,0,50000,200000,100000,ACB
coresim_m0_n50000_e200000_i100000_ABC,0,0,0,20,0,0,0,0,0,0,5.731814984,0,0,0,0,0,0,1.806684662,0,0,0,0,0,0,2.974216547,0,0,0,0,0,0,2.463442412,0,0,0,5.731814984,1.806684662,2.974216547,2.463442412,coresim_m0_n50000_e200000_i100000_ABC,0,50000,200000,100000,ABC
coresim_m0_n50000_e200000_i200000_CAB,0,0,20,0,0,0,0,0,0,5.846212732,0,0,0,0,0,0,2.391623382,0,0,0,0,0,0,2.31305294,0,0,0,0,0,0,1.625653132,0,0,0,0,5.846212732,2.391623382,2.31305294,1.625653132,coresim_m0_n50000_e200000_i200000_CAB,0,50000,200000,200000,CAB
coresim_m0_n50000_e200000_i200000_ACB,0,20,0,0,0,0,0,0,6.224158623,0,0,0,0,0,0,2.095349841,0,0,0,0,0,0,3.307006794,0,0,0,0,0,0,1.740827829,0,0,0,0,0,6.224158623,2.095349841,3.307006794,1.740827829,coresim_m0_n50000_e200000_i200000_ACB,0,50000,200000,200000,ACB
coresim_m0_n50000_e200000_i200000_ABC,0,0,0,20,0,0,0,0,0,0,6.666408107,0,0,0,0,0,0,1.549332086,0,0,0,0,0,0,3.570620759,0,0,0,0,0,0,2.615068019,0,0,0,6.666408107,1.549332086,3.570620759,2.615068019,coresim_m0_n50000_e200000_i200000_ABC,0,50000,200000,200000,ABC
coresim_m0_n50000_e400000_i50000_CAB,0,0,13,0,0,0,7,0,0,3.344563438,0,0,0,1.800446071,0,0,1.602570171,0,0,0,0.863608334,0,0,1.605736946,0,0,0,0.863727383,0,0,1.497736976,0,0,0,0.805248691,5.14500951,2.466178505,2.469464329,2.302985668,coresim_m0_n50000_e400000_i50000_CAB,0,50000,400000,50000,CAB
coresim_m0_n50000_e400000_i50000_ACB,0,20,0,0,0,0,0,0,5.236810645,0,0,0,0,0,0,2.423866769,0,0,0,0,0,0,2.69334691,0,0,0,0,0,0,2.342330364,0,0,0,0,0,5.236810645,2.423866769,2.69334691,2.342330364,coresim_m0_n50000_e400000_i50000_ACB,0,50000,400000,50000,ACB
coresim_m0_n50000_e400000_i50000_ABC,0,0,0,20,0,0,0,0,0,0,5.320372334,0,0,0,0,0,0,2.298456708,0,0,0,0,0,0,2.741262492,0,0,0,0,0,0,2.533138753,0,0,0,5.320372334,2.298456708,2.741262492,2.533138753,coresim_m0_n50000_e400000_i50000_ABC,0,50000,400000,50000,ABC
coresim_m0_n50000_e400000_i100000_CAB,0,0,18,0,0,0,2,0,0,4.980607821,0,0,0,0.553660133,0,0,2.26968552,0,0,0,0.252538095,0,0,2.249293642,0,0,0,0.251458768,0,0,1.931159778,0,0,0,0.217890827,5.534267954,2.522223615,2.500752411,2.149050605,coresim_m0_n50000_e400000_i100000_CAB,0,50000,400000,100000,CAB
coresim_m0_n50000_e400000_i100000_ACB,0,20,0,0,0,0,0,0,5.702348022,0,0,0,0,0,0,2.396707764,0,0,0,0,0,0,2.974181668,0,0,0,0,0,0,2.218445801,0,0,0,0,0,5.702348022,2.396707764,2.974181668,2.218445801,coresim_m0_n50000_e400000_i100000_ACB,0,50000,400000,100000,ACB
coresim_m0_n50000_e400000_i100000_ABC,0,0,0,20,0,0,0,0,0,0,5.870988349,0,0,0,0,0,0,2.126168464,0,0,0,0,0,0,3.069133326,0,0,0,0,0,0,2.64190348,0,0,0,5.870988349,2.126168464,3.069133326,2.64190348,coresim_m0_n50000_e400000_i100000_ABC,0,50000,400000,100000,ABC
coresim_m0_n50000_e400000_i200000_CAB,0,0,0,0,0,0,20,0,0,0,0,0,0,5.956739798,0,0,0,0,0,0,2.550659975,0,0,0,0,0,0,2.494284882,0,0,0,0,0,0,1.909149115,5.956739798,2.550659975,2.494284882,1.909149115,coresim_m0_n50000_e400000_i200000_CAB,0,50000,400000,200000,CAB
coresim_m0_n50000_e400000_i200000_ACB,0,20,0,0,0,0,0,0,6.284192472,0,0,0,0,0,0,2.298720148,0,0,0,0,0,0,3.350588373,0,0,0,0,0,0,2.012559735,0,0,0,0,0,6.284192472,2.298720148,3.350588373,2.012559735,coresim_m0_n50000_e400000_i200000_ACB,0,50000,400000,200000,ACB
coresim_m0_n50000_e400000_i200000_ABC,0,0,0,20,0,0,0,0,0,0,6.633283006,0,0,0,0,0,0,1.853620953,0,0,0,0,0,0,3.550401426,0,0,0,0,0,0,2.73106255,0,0,0,6.633283006,1.853620953,3.550401426,2.73106255,coresim_m0_n50000_e400000_i200000_ABC,0,50000,400000,200000,ABC
coresim_m0_n100000_e200000_i50000_CAB,0,0,16,0,0,0,4,0,0,3.115835729,0,0,0,0.780174605,0,0,1.489626499,0,0,0,0.372528776,0,0,1.482447927,0,0,0,0.374774446,0,0,1.389470604,0,0,0,0.350464452,3.896010335,1.862155275,1.857222372,1.739935056,coresim_m0_n100000_e200000_i50000_CAB,0,100000,200000,50000,CAB
coresim_m0_n100000_e200000_i50000_ACB,0,20,0,0,0,0,0,0,4.01425171,0,0,0,0,0,0,1.864972837,0,0,0,0,0,0,1.998698428,0,0,0,0,0,0,1.793349226,0,0,0,0,0,4.01425171,1.864972837,1.998698428,1.793349226,coresim_m0_n100000_e200000_i50000_ACB,0,100000,200000,50000,ACB
coresim_m0_n100000_e200000_i50000_ABC,0,0,0,20,0,0,0,0,0,0,4.114633423,0,0,0,0,0,0,1.788534063,0,0,0,0,0,0,2.041922544,0,0,0,0,0,0,1.9674029,0,0,0,4.114633423,1.788534063,2.041922544,1.9674029,coresim_m0_n100000_e200000_i50000_ABC,0,100000,200000,50000,ABC
coresim_m0_n100000_e200000_i100000_CAB,0,0,15,0,0,0,5,0,0,3.351139433,0,0,0,1.114563635,0,0,1.527802659,0,0,0,0.509614922,0,0,1.513026312,0,0,0,0.506073386,0,0,1.3167133,0,0,0,0.437644186,4.465703068,2.037417581,2.019099698,1.754357486,coresim_m0_n100000_e200000_i100000_CAB,0,100000,200000,100000,CAB
coresim_m0_n100000_e200000_i100000_ACB,0,20,0,0,0,0,0,0,4.686047648,0,0,0,0,0,0,1.989277029,0,0,0,0,0,0,2.339028593,0,0,0,0,0,0,1.822236572,0,0,0,0,0,4.686047648,1.989277029,2.339028593,1.822236572,coresim_m0_n100000_e200000_i100000_ACB,0,100000,200000,100000,ACB
coresim_m0_n100000_e200000_i100000_ABC,0,0,0,20,0,0,0,0,0,0,4.876549323,0,0,0,0,0,0,1.784569433,0,0,0,0,0,0,2.430626447,0,0,0,0,0,0,2.19215608,0,0,0,4.876549323,1.784569433,2.430626447,2.19215608,coresim_m0_n100000_e200000_i100000_ABC,0,100000,200000,100000,ABC
coresim_m0_n100000_e200000_i200000_CAB,0,0,20,0,0,0,0,0,0,5.162903502,0,0,0,0,0,0,2.19041344,0,0,0,0,0,0,2.155230832,0,0,0,0,0,0,1.646401747,0,0,0,0,5.162903502,2.19041344,2.155230832,1.646401747,coresim_m0_n100000_e200000_i200000_CAB,0,100000,200000,200000,CAB
coresim_m0_n100000_e200000_i200000_ACB,0,20,0,0,0,0,0,0,5.469094478,0,0,0,0,0,0,2.02597775,0,0,0,0,0,0,2.800426636,0,0,0,0,0,0,1.737339633,0,0,0,0,0,5.469094478,2.02597775,2.800426636,1.737339633,coresim_m0_n100000_e200000_i200000_ACB,0,100000,200000,200000,ACB
coresim_m0_n100000_e200000_i200000_ABC,0,0,0,20,0,0,0,0,0,0,5.792805949,0,0,0,0,0,0,1.620866567,0,0,0,0,0,0,2.97428627,0,0,0,0,0,0,2.413021636,0,0,0,5.792805949,1.620866567,2.97428627,2.413021636,coresim_m0_n100000_e200000_i200000_ABC,0,100000,200000,200000,ABC
coresim_m0_n100000_e400000_i50000_CAB,0,0,19,0,0,0,1,0,0,4.100406803,0,0,0,0.217081402,0,0,1.99495681,0,0,0,0.104546263,0,0,1.99482423,0,0,0,0.106355396,0,0,1.912301772,0,0,0,0.100320709,4.317488205,2.099503072,2.101179626,2.012622481,coresim_m0_n100000_e400000_i50000_CAB,0,100000,400000,50000,CAB
coresim_m0_n100000_e400000_i50000_ACB,0,0,0,0,0,0,20,0,0,0,0,0,0,4.388206233,0,0,0,0,0,0,2.098025765,0,0,0,0,0,0,2.217017263,0,0,0,0,0,0,2.042155358,4.388206233,2.098025765,2.217017263,2.042155358,coresim_m0_n100000_e400000_i50000_ACB,0,100000,400000,50000,ACB
coresim_m0_n100000_e400000_i50000_ABC,0,0,0,20,0,0,0,0,0,0,4.453423014,0,0,0,0,0,0,2.034353275,0,0,0,0,0,0,2.248980059,0,0,0,0,0,0,2.164044317,0,0,0,4.453423014,2.034353275,2.248980059,2.164044317,coresim_m0_n100000_e400000_i50000_ABC,0,100000,400000,50000,ABC
coresim_m0_n100000_e400000_i100000_CAB,0,0,20,0,0,0,0,0,0,4.750643757,0,0,0,0,0,0,2.223819965,0,0,0,0,0,0,2.221942422,0,0,0,0,0,0,1.99336085,0,0,0,0,4.750643757,2.223819965,2.221942422,1.99336085,coresim_m0_n100000_e400000_i100000_CAB,0,100000,400000,100000,CAB
coresim_m0_n100000_e400000_i100000_ACB,0,20,0,0,0,0,0,0,4.890728002,0,0,0,0,0,0,2.179446283,0,0,0,0,0,0,2.485955569,0,0,0,0,0,0,2.051283209,0,0,0,0,0,4.890728002,2.179446283,2.485955569,2.051283209,coresim_m0_n100000_e400000_i100000_ACB,0,100000,400000,100000,ACB
coresim_m0_n100000_e400000_i100000_ABC,0,0,0,20,0,0,0,0,0,0,5.016728925,0,0,0,0,0,0,2.006767731,0,0,0,0,0,0,2.546949196,0,0,0,0,0,0,2.341876668,0,0,0,5.016728925,2.006767731,2.546949196,2.341876668,coresim_m0_n100000_e400000_i100000_ABC,0,100000,400000,100000,ABC
coresim_m0_n100000_e400000_i200000_CAB,0,0,7,0,0,0,13,0,0,1.867915433,0,0,0,3.466884034,0,0,0.819479756,0,0,0,1.521632001,0,0,0.811027715,0,0,0,1.500937614,0,0,0.651999293,0,0,0,1.211477131,5.334799467,2.341111756,2.311965329,1.863476424,coresim_m0_n100000_e400000_i200000_CAB,0,100000,400000,200000,CAB
coresim_m0_n100000_e400000_i200000_ACB,0,20,0,0,0,0,0,0,5.574568955,0,0,0,0,0,0,2.19465974,0,0,0,0,0,0,2.88250853,0,0,0,0,0,0,1.949632244,0,0,0,0,0,5.574568955,2.19465974,2.88250853,1.949632244,coresim_m0_n100000_e400000_i200000_ACB,0,100000,400000,200000,ACB
coresim_m0_n100000_e400000_i200000_ABC,0,0,0,20,0,0,0,0,0,0,5.806574169,0,0,0,0,0,0,1.837995417,0,0,0,0,0,0,3.022205533,0,0,0,0,0,0,2.51831888,0,0,0,5.806574169,1.837995417,3.022205533,2.51831888,coresim_m0_n100000_e400000_i200000_ABC,0,100000,400000,200000,ABC
coresim_m0.1_n50000_e200000_i50000_CAB,0,0,20,0,0,0,0,0,0,5.169187104,0,0,0,0,0,0,2.129765561,0,0,0,0,0,0,2.40262728,0,0,0,0,0,0,2.28582526,0,0,0,0,5.169187104,2.129765561,2.40262728,2.28582526,coresim_m0.1_n50000_e200000_i50000_CAB,1,50000,200000,50000,CAB
coresim_m0.1_n50000_e200000_i50000_ACB,0,20,0,0,0,0,0,0,5.194262785,0,0,0,0,0,0,2.01108889,0,0,0,0,0,0,2.54146873,0,0,0,0,0,0,2.200781602,0,0,0,0,0,5.194262785,2.01108889,2.54146873,2.200781602,coresim_m0.1_n50000_e200000_i50000_ACB,1,50000,200000,50000,ACB
coresim_m0.1_n50000_e200000_i50000_ABC,0,0,0,20,0,0,0,0,0,0,5.304270437,0,0,0,0,0,0,1.881190229,0,0,0,0,0,0,2.588948623,0,0,0,0,0,0,2.358315231,0,0,0,5.304270437,1.881190229,2.588948623,2.358315231,coresim_m0.1_n50000_e200000_i50000_ABC,1,50000,200000,50000,ABC
coresim_m0.1_n50000_e200000_i100000_CAB,0,0,20,0,0,0,0,0,0,5.872063233,0,0,0,0,0,0,2.18504394,0,0,0,0,0,0,2.696325441,0,0,0,0,0,0,2.428167324,0,0,0,0,5.872063233,2.18504394,2.696325441,2.428167324,coresim_m0.1_n50000_e200000_i100000_CAB,1,50000,200000,100000,CAB
coresim_m0.1_n50000_e200000_i100000_ACB,0,20,0,0,0,0,0,0,6.038990895,0,0,0,0,0,0,1.979876603,0,0,0,0,0,0,2.973553977,0,0,0,0,0,0,2.208102427,0,0,0,0,0,6.038990895,1.979876603,2.973553977,2.208102427,coresim_m0.1_n50000_e200000_i100000_ACB,1,50000,200000,100000,ACB
coresim_m0.1_n50000_e200000_i100000_ABC,0,0,0,20,0,0,0,0,0,0,6.124135563,0,0,0,0,0,0,1.721795107,0,0,0,0,0,0,3.051813771,0,0,0,0,0,0,2.539576251,0,0,0,6.124135563,1.721795107,3.051813771,2.539576251,coresim_m0.1_n50000_e200000_i100000_ABC,1,50000,200000,100000,ABC
coresim_m0.1_n50000_e200000_i200000_CAB,0,0,10,0,0,0,10,0,0,3.256577233,0,0,0,3.283893174,0,0,1.068074313,0,0,0,1.121380026,0,0,1.566804838,0,0,0,1.563913565,0,0,1.305936921,0,0,0,1.310970385,6.540470406,2.189454339,3.130718403,2.616907306,coresim_m0.1_n50000_e200000_i200000_CAB,1,50000,200000,200000,CAB
coresim_m0.1_n50000_e200000_i200000_ACB,0,20,0,0,0,0,0,0,7.095462813,0,0,0,0,0,0,1.891125848,0,0,0,0,0,0,3.55979727,0,0,0,0,0,0,2.216517241,0,0,0,0,0,7.095462813,1.891125848,3.55979727,2.216517241,coresim_m0.1_n50000_e200000_i200000_ACB,1,50000,200000,200000,ACB
coresim_m0.1_n50000_e200000_i200000_ABC,0,0,0,20,0,0,0,0,0,0,7.158159265,0,0,0,0,0,0,1.48023604,0,0,0,0,0,0,3.688842717,0,0,0,0,0,0,2.701831387,0,0,0,7.158159265,1.48023604,3.688842717,2.701831387,coresim_m0.1_n50000_e200000_i200000_ABC,1,50000,200000,200000,ABC
coresim_m0.1_n50000_e400000_i50000_CAB,0,0,0,20,0,0,0,0,0,0,5.847476488,0,0,0,0,0,0,2.188473663,0,0,0,0,0,0,2.766537734,0,0,0,0,0,0,2.69551825,0,0,0,5.847476488,2.188473663,2.766537734,2.69551825,coresim_m0.1_n50000_e400000_i50000_CAB,1,50000,400000,50000,CAB
coresim_m0.1_n50000_e400000_i50000_ACB,0,0,0,20,0,0,0,0,0,0,5.939783581,0,0,0,0,0,0,2.137986385,0,0,0,0,0,0,2.892023239,0,0,0,0,0,0,2.592731974,0,0,0,5.939783581,2.137986385,2.892023239,2.592731974,coresim_m0.1_n50000_e400000_i50000_ACB,1,50000,400000,50000,ACB
coresim_m0.1_n50000_e400000_i50000_ABC,0,0,0,20,0,0,0,0,0,0,5.924159905,0,0,0,0,0,0,2.005755847,0,0,0,0,0,0,2.908239106,0,0,0,0,0,0,2.682723949,0,0,0,5.924159905,2.005755847,2.908239106,2.682723949,coresim_m0.1_n50000_e400000_i50000_ABC,1,50000,400000,50000,ABC
coresim_m0.1_n50000_e400000_i100000_CAB,0,0,0,20,0,0,0,0,0,0,6.356307406,0,0,0,0,0,0,2.191359251,0,0,0,0,0,0,3.014098427,0,0,0,0,0,0,2.859630651,0,0,0,6.356307406,2.191359251,3.014098427,2.859630651,coresim_m0.1_n50000_e400000_i100000_CAB,1,50000,400000,100000,CAB
coresim_m0.1_n50000_e400000_i100000_ACB,0,0,0,20,0,0,0,0,0,0,6.622268705,0,0,0,0,0,0,2.070399387,0,0,0,0,0,0,3.246702771,0,0,0,0,0,0,2.604411492,0,0,0,6.622268705,2.070399387,3.246702771,2.604411492,coresim_m0.1_n50000_e400000_i100000_ACB,1,50000,400000,100000,ACB
coresim_m0.1_n50000_e400000_i100000_ABC,0,0,0,20,0,0,0,0,0,0,6.56384553,0,0,0,0,0,0,1.884703854,0,0,0,0,0,0,3.276233836,0,0,0,0,0,0,2.804628116,0,0,0,6.56384553,1.884703854,3.276233836,2.804628116,coresim_m0.1_n50000_e400000_i100000_ABC,1,50000,400000,100000,ABC
coresim_m0.1_n50000_e400000_i200000_CAB,0,0,0,20,0,0,0,0,0,0,7.042152234,0,0,0,0,0,0,2.106935207,0,0,0,0,0,0,3.386158152,0,0,0,0,0,0,3.05496977,0,0,0,7.042152234,2.106935207,3.386158152,3.05496977,coresim_m0.1_n50000_e400000_i200000_CAB,1,50000,400000,200000,CAB
coresim_m0.1_n50000_e400000_i200000_ACB,0,0,0,20,0,0,0,0,0,0,7.487026249,0,0,0,0,0,0,1.906490612,0,0,0,0,0,0,3.743864822,0,0,0,0,0,0,2.570775431,0,0,0,7.487026249,1.906490612,3.743864822,2.570775431,coresim_m0.1_n50000_e400000_i200000_ACB,1,50000,400000,200000,ACB
coresim_m0.1_n50000_e400000_i200000_ABC,0,0,0,20,0,0,0,0,0,0,7.391756369,0,0,0,0,0,0,1.602305047,0,0,0,0,0,0,3.802950905,0,0,0,0,0,0,2.920897032,0,0,0,7.391756369,1.602305047,3.802950905,2.920897032,coresim_m0.1_n50000_e400000_i200000_ABC,1,50000,400000,200000,ABC
coresim_m0.1_n100000_e200000_i50000_CAB,0,0,20,0,0,0,0,0,0,3.966063489,0,0,0,0,0,0,1.862711573,0,0,0,0,0,0,1.939244214,0,0,0,0,0,0,1.820978675,0,0,0,0,3.966063489,1.862711573,1.939244214,1.820978675,coresim_m0.1_n100000_e200000_i50000_CAB,1,100000,200000,50000,CAB
coresim_m0.1_n100000_e200000_i50000_ACB,0,20,0,0,0,0,0,0,4.072402674,0,0,0,0,0,0,1.823125797,0,0,0,0,0,0,2.018384482,0,0,0,0,0,0,1.878654642,0,0,0,0,0,4.072402674,1.823125797,2.018384482,1.878654642,coresim_m0.1_n100000_e200000_i50000_ACB,1,100000,200000,50000,ACB
coresim_m0.1_n100000_e200000_i50000_ABC,0,0,0,20,0,0,0,0,0,0,4.157209958,0,0,0,0,0,0,1.749628224,0,0,0,0,0,0,2.056507033,0,0,0,0,0,0,1.981963885,0,0,0,4.157209958,1.749628224,2.056507033,1.981963885,coresim_m0.1_n100000_e200000_i50000_ABC,1,100000,200000,50000,ABC
coresim_m0.1_n100000_e200000_i100000_CAB,0,0,20,0,0,0,0,0,0,4.67033639,0,0,0,0,0,0,2.063128148,0,0,0,0,0,0,2.202112741,0,0,0,0,0,0,1.92916291,0,0,0,0,4.67033639,2.063128148,2.202112741,1.92916291,coresim_m0.1_n100000_e200000_i100000_CAB,1,100000,200000,100000,CAB
coresim_m0.1_n100000_e200000_i100000_ACB,0,20,0,0,0,0,0,0,4.842336828,0,0,0,0,0,0,1.948813411,0,0,0,0,0,0,2.373982434,0,0,0,0,0,0,1.982393573,0,0,0,0,0,4.842336828,1.948813411,2.373982434,1.982393573,coresim_m0.1_n100000_e200000_i100000_ACB,1,100000,200000,100000,ACB
coresim_m0.1_n100000_e200000_i100000_ABC,0,0,0,20,0,0,0,0,0,0,5.025407298,0,0,0,0,0,0,1.776161869,0,0,0,0,0,0,2.452260275,0,0,0,0,0,0,2.214854124,0,0,0,5.025407298,1.776161869,2.452260275,2.214854124,coresim_m0.1_n100000_e200000_i100000_ABC,1,100000,200000,100000,ABC
coresim_m0.1_n100000_e200000_i200000_CAB,0,0,20,0,0,0,0,0,0,5.583823966,0,0,0,0,0,0,2.22888652,0,0,0,0,0,0,2.551295029,0,0,0,0,0,0,2.055241388,0,0,0,0,5.583823966,2.22888652,2.551295029,2.055241388,coresim_m0.1_n100000_e200000_i200000_CAB,1,100000,200000,200000,CAB
coresim_m0.1_n100000_e200000_i200000_ACB,0,20,0,0,0,0,0,0,5.863601161,0,0,0,0,0,0,1.968106327,0,0,0,0,0,0,2.875840247,0,0,0,0,0,0,1.999959785,0,0,0,0,0,5.863601161,1.968106327,2.875840247,1.999959785,coresim_m0.1_n100000_e200000_i200000_ACB,1,100000,200000,200000,ACB
coresim_m0.1_n100000_e200000_i200000_ABC,0,0,0,20,0,0,0,0,0,0,6.032780382,0,0,0,0,0,0,1.613822454,0,0,0,0,0,0,3.015428996,0,0,0,0,0,0,2.43988734,0,0,0,6.032780382,1.613822454,3.015428996,2.43988734,coresim_m0.1_n100000_e200000_i200000_ABC,1,100000,200000,200000,ABC
coresim_m0.1_n100000_e400000_i50000_CAB,0,0,20,0,0,0,0,0,0,4.594118325,0,0,0,0,0,0,2.037041372,0,0,0,0,0,0,2.195889561,0,0,0,0,0,0,2.166158379,0,0,0,0,4.594118325,2.037041372,2.195889561,2.166158379,coresim_m0.1_n100000_e400000_i50000_CAB,1,100000,400000,50000,CAB
coresim_m0.1_n100000_e400000_i50000_ACB,0,16,0,4,0,0,0,0,3.678232703,0,0.927882573,0,0,0,0,1.604293026,0,0.398909555,0,0,0,0,1.820013946,0,0.455363568,0,0,0,0,1.710217585,0,0.430340238,0,0,0,4.606115276,2.003202581,2.275377514,2.140557823,coresim_m0.1_n100000_e400000_i50000_ACB,1,100000,400000,50000,ACB
coresim_m0.1_n100000_e400000_i50000_ABC,0,0,0,20,0,0,0,0,0,0,4.622136733,0,0,0,0,0,0,1.941799772,0,0,0,0,0,0,2.287277987,0,0,0,0,0,0,2.206401554,0,0,0,4.622136733,1.941799772,2.287277987,2.206401554,coresim_m0.1_n100000_e400000_i50000_ABC,1,100000,400000,50000,ABC
coresim_m0.1_n100000_e400000_i100000_CAB,0,0,20,0,0,0,0,0,0,5.259324546,0,0,0,0,0,0,2.179418788,0,0,0,0,0,0,2.424526627,0,0,0,0,0,0,2.310443262,0,0,0,0,5.259324546,2.179418788,2.424526627,2.310443262,coresim_m0.1_n100000_e400000_i100000_CAB,1,100000,400000,100000,CAB
coresim_m0.1_n100000_e400000_i100000_ACB,0,20,0,0,0,0,0,0,5.240521332,0,0,0,0,0,0,2.073919474,0,0,0,0,0,0,2.554449943,0,0,0,0,0,0,2.223676997,0,0,0,0,0,5.240521332,2.073919474,2.554449943,2.223676997,coresim_m0.1_n100000_e400000_i100000_ACB,1,100000,400000,100000,ACB
coresim_m0.1_n100000_e400000_i100000_ABC,0,0,0,20,0,0,0,0,0,0,5.356450966,0,0,0,0,0,0,1.916253692,0,0,0,0,0,0,2.610715115,0,0,0,0,0,0,2.38283858,0,0,0,5.356450966,1.916253692,2.610715115,2.38283858,coresim_m0.1_n100000_e400000_i100000_ABC,1,100000,400000,100000,ABC
coresim_m0.1_n100000_e400000_i200000_CAB,0,0,20,0,0,0,0,0,0,5.947420943,0,0,0,0,0,0,2.239664004,0,0,0,0,0,0,2.736066123,0,0,0,0,0,0,2.474301083,0,0,0,0,5.947420943,2.239664004,2.736066123,2.474301083,coresim_m0.1_n100000_e400000_i200000_CAB,1,100000,400000,200000,CAB
coresim_m0.1_n100000_e400000_i200000_ACB,0,20,0,0,0,0,0,0,6.132190942,0,0,0,0,0,0,2.056722878,0,0,0,0,0,0,3.010797907,0,0,0,0,0,0,2.248858226,0,0,0,0,0,6.132190942,2.056722878,3.010797907,2.248858226,coresim_m0.1_n100000_e400000_i200000_ACB,1,100000,400000,200000,ACB
coresim_m0.1_n100000_e400000_i200000_ABC,0,0,0,20,0,0,0,0,0,0,6.217415962,0,0,0,0,0,0,1.74806875,0,0,0,0,0,0,3.092612887,0,0,0,0,0,0,2.575291496,0,0,0,6.217415962,1.74806875,3.092612887,2.575291496,coresim_m0.1_n100000_e400000_i200000_ABC,1,100000,400000,200000,ABC
coresim_m0.2_n50000_e200000_i50000_CAB,0,0,0,20,0,0,0,0,0,0,5.17383983,0,0,0,0,0,0,2.051704743,0,0,0,0,0,0,2.480258049,0,0,0,0,0,0,2.402751183,0,0,0,5.17383983,2.051704743,2.480258049,2.402751183,coresim_m0.2_n50000_e200000_i50000_CAB,2,50000,200000,50000,CAB
coresim_m0.2_n50000_e200000_i50000_ACB,0,0,0,20,0,0,0,0,0,0,5.385619798,0,0,0,0,0,0,1.974862216,0,0,0,0,0,0,2.594478166,0,0,0,0,0,0,2.265146962,0,0,0,5.385619798,1.974862216,2.594478166,2.265146962,coresim_m0.2_n50000_e200000_i50000_ACB,2,50000,200000,50000,ACB
coresim_m0.2_n50000_e200000_i50000_ABC,0,0,0,20,0,0,0,0,0,0,5.340368938,0,0,0,0,0,0,1.809128483,0,0,0,0,0,0,2.620072737,0,0,0,0,0,0,2.394832141,0,0,0,5.340368938,1.809128483,2.620072737,2.394832141,coresim_m0.2_n50000_e200000_i50000_ABC,2,50000,200000,50000,ABC
coresim_m0.2_n50000_e200000_i100000_CAB,0,0,0,20,0,0,0,0,0,0,5.933225185,0,0,0,0,0,0,2.120302637,0,0,0,0,0,0,2.800466393,0,0,0,0,0,0,2.641025916,0,0,0,5.933225185,2.120302637,2.800466393,2.641025916,coresim_m0.2_n50000_e200000_i100000_CAB,2,50000,200000,100000,CAB
coresim_m0.2_n50000_e200000_i100000_ACB,0,0,0,20,0,0,0,0,0,0,6.277553506,0,0,0,0,0,0,1.943695472,0,0,0,0,0,0,3.039122528,0,0,0,0,0,0,2.303593964,0,0,0,6.277553506,1.943695472,3.039122528,2.303593964,coresim_m0.2_n50000_e200000_i100000_ACB,2,50000,200000,100000,ACB
coresim_m0.2_n50000_e200000_i100000_ABC,0,0,0,20,0,0,0,0,0,0,6.273045519,0,0,0,0,0,0,1.683531657,0,0,0,0,0,0,3.10722269,0,0,0,0,0,0,2.562289898,0,0,0,6.273045519,1.683531657,3.10722269,2.562289898,coresim_m0.2_n50000_e200000_i100000_ABC,2,50000,200000,100000,ABC
coresim_m0.2_n50000_e200000_i200000_CAB,0,0,0,20,0,0,0,0,0,0,6.809085576,0,0,0,0,0,0,2.036064461,0,0,0,0,0,0,3.243313848,0,0,0,0,0,0,2.836559218,0,0,0,6.809085576,2.036064461,3.243313848,2.836559218,coresim_m0.2_n50000_e200000_i200000_CAB,2,50000,200000,200000,CAB
coresim_m0.2_n50000_e200000_i200000_ACB,0,0,0,20,0,0,0,0,0,0,7.452749648,0,0,0,0,0,0,1.799181001,0,0,0,0,0,0,3.66300406,0,0,0,0,0,0,2.316210893,0,0,0,7.452749648,1.799181001,3.66300406,2.316210893,coresim_m0.2_n50000_e200000_i200000_ACB,2,50000,200000,200000,ACB
coresim_m0.2_n50000_e200000_i200000_ABC,0,0,0,20,0,0,0,0,0,0,7.316873027,0,0,0,0,0,0,1.434604811,0,0,0,0,0,0,3.751014832,0,0,0,0,0,0,2.739196407,0,0,0,7.316873027,1.434604811,3.751014832,2.739196407,coresim_m0.2_n50000_e200000_i200000_ABC,2,50000,200000,200000,ABC
coresim_m0.2_n50000_e400000_i50000_CAB,0,0,0,20,0,0,0,0,0,0,6.084659765,0,0,0,0,0,0,2.110037526,0,0,0,0,0,0,2.840084484,0,0,0,0,0,0,2.766353261,0,0,0,6.084659765,2.110037526,2.840084484,2.766353261,coresim_m0.2_n50000_e400000_i50000_CAB,2,50000,400000,50000,CAB
coresim_m0.2_n50000_e400000_i50000_ACB,0,0,0,20,0,0,0,0,0,0,6.180728762,0,0,0,0,0,0,2.058977614,0,0,0,0,0,0,2.967845587,0,0,0,0,0,0,2.662078146,0,0,0,6.180728762,2.058977614,2.967845587,2.662078146,coresim_m0.2_n50000_e400000_i50000_ACB,2,50000,400000,50000,ACB
coresim_m0.2_n50000_e400000_i50000_ABC,0,0,0,20,0,0,0,0,0,0,6.171758705,0,0,0,0,0,0,1.967112122,0,0,0,0,0,0,2.975039689,0,0,0,0,0,0,2.749579249,0,0,0,6.171758705,1.967112122,2.975039689,2.749579249,coresim_m0.2_n50000_e400000_i50000_ABC,2,50000,400000,50000,ABC
coresim_m0.2_n50000_e400000_i100000_CAB,0,0,0,20,0,0,0,0,0,0,6.645449684,0,0,0,0,0,0,2.095098216,0,0,0,0,0,0,3.134212044,0,0,0,0,0,0,2.942619699,0,0,0,6.645449684,2.095098216,3.134212044,2.942619699,coresim_m0.2_n50000_e400000_i100000_CAB,2,50000,400000,100000,CAB
coresim_m0.2_n50000_e400000_i100000_ACB,0,0,0,20,0,0,0,0,0,0,6.883416107,0,0,0,0,0,0,1.986313342,0,0,0,0,0,0,3.337427543,0,0,0,0,0,0,2.677608462,0,0,0,6.883416107,1.986313342,3.337427543,2.677608462,coresim_m0.2_n50000_e400000_i100000_ACB,2,50000,400000,100000,ACB
coresim_m0.2_n50000_e400000_i100000_ABC,0,0,0,20,0,0,0,0,0,0,6.81780885,0,0,0,0,0,0,1.793567645,0,0,0,0,0,0,3.357363901,0,0,0,0,0,0,2.876199359,0,0,0,6.81780885,1.793567645,3.357363901,2.876199359,coresim_m0.2_n50000_e400000_i100000_ABC,2,50000,400000,100000,ABC
coresim_m0.2_n50000_e400000_i200000_CAB,0,0,0,20,0,0,0,0,0,0,7.303332797,0,0,0,0,0,0,1.958215485,0,0,0,0,0,0,3.527930185,0,0,0,0,0,0,3.093846492,0,0,0,7.303332797,1.958215485,3.527930185,3.093846492,coresim_m0.2_n50000_e400000_i200000_CAB,2,50000,400000,200000,CAB
coresim_m0.2_n50000_e400000_i200000_ACB,0,0,0,20,0,0,0,0,0,0,7.828348777,0,0,0,0,0,0,1.809073756,0,0,0,0,0,0,3.88786697,0,0,0,0,0,0,2.645090046,0,0,0,7.828348777,1.809073756,3.88786697,2.645090046,coresim_m0.2_n50000_e400000_i200000_ACB,2,50000,400000,200000,ACB
coresim_m0.2_n50000_e400000_i200000_ABC,0,0,0,20,0,0,0,0,0,0,7.684971444,0,0,0,0,0,0,1.561467073,0,0,0,0,0,0,3.908127342,0,0,0,0,0,0,2.996226172,0,0,0,7.684971444,1.561467073,3.908127342,2.996226172,coresim_m0.2_n50000_e400000_i200000_ABC,2,50000,400000,200000,ABC
coresim_m0.2_n100000_e200000_i50000_CAB,0,0,20,0,0,0,0,0,0,3.992548843,0,0,0,0,0,0,1.815507771,0,0,0,0,0,0,1.960877689,0,0,0,0,0,0,1.9178547,0,0,0,0,3.992548843,1.815507771,1.960877689,1.9178547,coresim_m0.2_n100000_e200000_i50000_CAB,2,100000,200000,50000,CAB
coresim_m0.2_n100000_e200000_i50000_ACB,0,20,0,0,0,0,0,0,4.097799364,0,0,0,0,0,0,1.785882491,0,0,0,0,0,0,2.030963681,0,0,0,0,0,0,1.903122564,0,0,0,0,0,4.097799364,1.785882491,2.030963681,1.903122564,coresim_m0.2_n100000_e200000_i50000_ACB,2,100000,200000,50000,ACB
coresim_m0.2_n100000_e200000_i50000_ABC,0,0,0,20,0,0,0,0,0,0,4.199164482,0,0,0,0,0,0,1.722131564,0,0,0,0,0,0,2.068663314,0,0,0,0,0,0,1.99196743,0,0,0,4.199164482,1.722131564,2.068663314,1.99196743,coresim_m0.2_n100000_e200000_i50000_ABC,2,100000,200000,50000,ABC
coresim_m0.2_n100000_e200000_i100000_CAB,0,0,20,0,0,0,0,0,0,4.690457794,0,0,0,0,0,0,2.004840402,0,0,0,0,0,0,2.234339136,0,0,0,0,0,0,2.126783031,0,0,0,0,4.690457794,2.004840402,2.234339136,2.126783031,coresim_m0.2_n100000_e200000_i100000_CAB,2,100000,200000,100000,CAB
coresim_m0.2_n100000_e200000_i100000_ACB,0,20,0,0,0,0,0,0,4.873292122,0,0,0,0,0,0,1.893866859,0,0,0,0,0,0,2.399946072,0,0,0,0,0,0,2.029157958,0,0,0,0,0,4.873292122,1.893866859,2.399946072,2.029157958,coresim_m0.2_n100000_e200000_i100000_ACB,2,100000,200000,100000,ACB
coresim_m0.2_n100000_e200000_i100000_ABC,0,0,0,20,0,0,0,0,0,0,5.053445238,0,0,0,0,0,0,1.724655375,0,0,0,0,0,0,2.469813618,0,0,0,0,0,0,2.228840343,0,0,0,5.053445238,1.724655375,2.469813618,2.228840343,coresim_m0.2_n100000_e200000_i100000_ABC,2,100000,200000,100000,ABC
coresim_m0.2_n100000_e200000_i200000_CAB,0,0,20,0,0,0,0,0,0,5.631870217,0,0,0,0,0,0,2.150884775,0,0,0,0,0,0,2.645381857,0,0,0,0,0,0,2.357406685,0,0,0,0,5.631870217,2.150884775,2.645381857,2.357406685,coresim_m0.2_n100000_e200000_i200000_CAB,2,100000,200000,200000,CAB
coresim_m0.2_n100000_e200000_i200000_ACB,0,20,0,0,0,0,0,0,5.954782822,0,0,0,0,0,0,1.916841123,0,0,0,0,0,0,2.91589271,0,0,0,0,0,0,2.093976675,0,0,0,0,0,5.954782822,1.916841123,2.91589271,2.093976675,coresim_m0.2_n100000_e200000_i200000_ACB,2,100000,200000,200000,ACB
coresim_m0.2_n100000_e200000_i200000_ABC,0,0,0,20,0,0,0,0,0,0,6.117422375,0,0,0,0,0,0,1.576862054,0,0,0,0,0,0,3.041251982,0,0,0,0,0,0,2.459288357,0,0,0,6.117422375,1.576862054,3.041251982,2.459288357,coresim_m0.2_n100000_e200000_i200000_ABC,2,100000,200000,200000,ABC
coresim_m0.2_n100000_e400000_i50000_CAB,0,0,0,20,0,0,0,0,0,0,4.609806659,0,0,0,0,0,0,1.974772487,0,0,0,0,0,0,2.244858861,0,0,0,0,0,0,2.217419959,0,0,0,4.609806659,1.974772487,2.244858861,2.217419959,coresim_m0.2_n100000_e400000_i50000_CAB,2,100000,400000,50000,CAB
coresim_m0.2_n100000_e400000_i200000_CAB,0,0,0,20,0,0,0,0,0,0,6.06582522,0,0,0,0,0,0,2.17024235,0,0,0,0,0,0,2.850838067,0,0,0,0,0,0,2.677133911,0,0,0,6.06582522,2.17024235,2.850838067,2.677133911,coresim_m0.2_n100000_e400000_i200000_CAB,2,100000,400000,200000,CAB
coresim_m0.2_n100000_e400000_i50000_ACB,0,0,0,20,0,0,0,0,0,0,4.67951895,0,0,0,0,0,0,1.943138131,0,0,0,0,0,0,2.309524654,0,0,0,0,0,0,2.186756461,0,0,0,4.67951895,1.943138131,2.309524654,2.186756461,coresim_m0.2_n100000_e400000_i50000_ACB,2,100000,400000,50000,ACB
coresim_m0.2_n100000_e400000_i50000_ABC,0,0,0,20,0,0,0,0,0,0,4.702213754,0,0,0,0,0,0,1.891862816,0,0,0,0,0,0,2.324033441,0,0,0,0,0,0,2.236806718,0,0,0,4.702213754,1.891862816,2.324033441,2.236806718,coresim_m0.2_n100000_e400000_i50000_ABC,2,100000,400000,50000,ABC
coresim_m0.2_n100000_e400000_i100000_CAB,0,0,0,20,0,0,0,0,0,0,5.173815305,0,0,0,0,0,0,2.064788352,0,0,0,0,0,0,2.491644507,0,0,0,0,0,0,2.427180388,0,0,0,5.173815305,2.064788352,2.491644507,2.427180388,coresim_m0.2_n100000_e400000_i100000_CAB,2,100000,400000,100000,CAB
coresim_m0.2_n100000_e400000_i100000_ACB,0,0,0,20,0,0,0,0,0,0,5.380244834,0,0,0,0,0,0,1.999350189,0,0,0,0,0,0,2.595811606,0,0,0,0,0,0,2.30025494,0,0,0,5.380244834,1.999350189,2.595811606,2.30025494,coresim_m0.2_n100000_e400000_i100000_ACB,2,100000,400000,100000,ACB
coresim_m0.2_n100000_e400000_i100000_ABC,0,0,0,20,0,0,0,0,0,0,5.425113621,0,0,0,0,0,0,1.868305727,0,0,0,0,0,0,2.64604641,0,0,0,0,0,0,2.41811839,0,0,0,5.425113621,1.868305727,2.64604641,2.41811839,coresim_m0.2_n100000_e400000_i100000_ABC,2,100000,400000,100000,ABC
coresim_m0.2_n100000_e400000_i200000_ABC,0,0,0,20,0,0,0,0,0,0,6.359099988,0,0,0,0,0,0,1.714261325,0,0,0,0,0,0,3.14154109,0,0,0,0,0,0,2.617857893,0,0,0,6.359099988,1.714261325,3.14154109,2.617857893,coresim_m0.2_n100000_e400000_i200000_ABC,2,100000,400000,200000,ABC
coresim_m0.2_n100000_e400000_i200000_ACB,0,0,0,20,0,0,0,0,0,0,6.388665574,0,0,0,0,0,0,1.980247268,0,0,0,0,0,0,3.073890508,0,0,0,0,0,0,2.354114904,0,0,0,6.388665574,1.980247268,3.073890508,2.354114904,coresim_m0.2_n100000_e400000_i200000_ACB,2,100000,400000,200000,ACB
coresim_m0.4_n50000_e200000_i50000_CAB,0,0,0,20,0,0,0,0,0,0,5.275095602,0,0,0,0,0,0,2.022515089,0,0,0,0,0,0,2.527480753,0,0,0,0,0,0,2.443884219,0,0,0,5.275095602,2.022515089,2.527480753,2.443884219,coresim_m0.4_n50000_e200000_i50000_CAB,4,50000,200000,50000,CAB
coresim_m0.4_n50000_e200000_i50000_ACB,0,0,0,20,0,0,0,0,0,0,5.415638398,0,0,0,0,0,0,1.925945637,0,0,0,0,0,0,2.637553605,0,0,0,0,0,0,2.301970421,0,0,0,5.415638398,1.925945637,2.637553605,2.301970421,coresim_m0.4_n50000_e200000_i50000_ACB,4,50000,200000,50000,ACB
coresim_m0.4_n50000_e200000_i50000_ABC,0,0,0,20,0,0,0,0,0,0,5.418833698,0,0,0,0,0,0,1.787031347,0,0,0,0,0,0,2.667839078,0,0,0,0,0,0,2.429038803,0,0,0,5.418833698,1.787031347,2.667839078,2.429038803,coresim_m0.4_n50000_e200000_i50000_ABC,4,50000,200000,50000,ABC
coresim_m0.4_n50000_e200000_i100000_CAB,0,0,0,20,0,0,0,0,0,0,6.06721694,0,0,0,0,0,0,2.058096153,0,0,0,0,0,0,2.866103429,0,0,0,0,0,0,2.672842692,0,0,0,6.06721694,2.058096153,2.866103429,2.672842692,coresim_m0.4_n50000_e200000_i100000_CAB,4,50000,200000,100000,CAB
coresim_m0.4_n50000_e200000_i100000_ACB,0,0,0,20,0,0,0,0,0,0,6.364230098,0,0,0,0,0,0,1.897961322,0,0,0,0,0,0,3.095001138,0,0,0,0,0,0,2.354976397,0,0,0,6.364230098,1.897961322,3.095001138,2.354976397,coresim_m0.4_n50000_e200000_i100000_ACB,4,50000,200000,100000,ACB
coresim_m0.4_n50000_e200000_i100000_ABC,0,0,0,20,0,0,0,0,0,0,6.329791923,0,0,0,0,0,0,1.639249033,0,0,0,0,0,0,3.152078304,0,0,0,0,0,0,2.607733514,0,0,0,6.329791923,1.639249033,3.152078304,2.607733514,coresim_m0.4_n50000_e200000_i100000_ABC,4,50000,200000,100000,ABC
coresim_m0.4_n50000_e200000_i200000_CAB,0,0,0,20,0,0,0,0,0,0,6.973980627,0,0,0,0,0,0,1.947148359,0,0,0,0,0,0,3.326803883,0,0,0,0,0,0,2.8268312,0,0,0,6.973980627,1.947148359,3.326803883,2.8268312,coresim_m0.4_n50000_e200000_i200000_CAB,4,50000,200000,200000,CAB
coresim_m0.4_n50000_e200000_i200000_ACB,0,0,0,20,0,0,0,0,0,0,7.567966398,0,0,0,0,0,0,1.734884174,0,0,0,0,0,0,3.740247205,0,0,0,0,0,0,2.367403183,0,0,0,7.567966398,1.734884174,3.740247205,2.367403183,coresim_m0.4_n50000_e200000_i200000_ACB,4,50000,200000,200000,ACB
coresim_m0.4_n50000_e200000_i200000_ABC,0,0,0,20,0,0,0,0,0,0,7.382923985,0,0,0,0,0,0,1.400710059,0,0,0,0,0,0,3.816374456,0,0,0,0,0,0,2.79238757,0,0,0,7.382923985,1.400710059,3.816374456,2.79238757,coresim_m0.4_n50000_e200000_i200000_ABC,4,50000,200000,200000,ABC
coresim_m0.4_n50000_e400000_i50000_CAB,0,0,0,20,0,0,0,0,0,0,6.256482723,0,0,0,0,0,0,2.059516806,0,0,0,0,0,0,2.915741105,0,0,0,0,0,0,2.84242534,0,0,0,6.256482723,2.059516806,2.915741105,2.84242534,coresim_m0.4_n50000_e400000_i50000_CAB,4,50000,400000,50000,CAB
coresim_m0.4_n50000_e400000_i50000_ACB,0,0,0,20,0,0,0,0,0,0,6.345028611,0,0,0,0,0,0,1.979640947,0,0,0,0,0,0,3.058545597,0,0,0,0,0,0,2.729011623,0,0,0,6.345028611,1.979640947,3.058545597,2.729011623,coresim_m0.4_n50000_e400000_i50000_ACB,4,50000,400000,50000,ACB
coresim_m0.4_n50000_e400000_i50000_ABC,0,0,0,20,0,0,0,0,0,0,6.31052247,0,0,0,0,0,0,1.909814529,0,0,0,0,0,0,3.051721435,0,0,0,0,0,0,2.817564629,0,0,0,6.31052247,1.909814529,3.051721435,2.817564629,coresim_m0.4_n50000_e400000_i50000_ABC,4,50000,400000,50000,ABC
coresim_m0.4_n50000_e400000_i100000_CAB,0,0,0,20,0,0,0,0,0,0,6.822364267,0,0,0,0,0,0,1.974236106,0,0,0,0,0,0,3.23238855,0,0,0,0,0,0,3.012219593,0,0,0,6.822364267,1.974236106,3.23238855,3.012219593,coresim_m0.4_n50000_e400000_i100000_CAB,4,50000,400000,100000,CAB
coresim_m0.4_n50000_e400000_i100000_ACB,0,0,0,20,0,0,0,0,0,0,7.080207954,0,0,0,0,0,0,1.900004802,0,0,0,0,0,0,3.433813212,0,0,0,0,0,0,2.753134795,0,0,0,7.080207954,1.900004802,3.433813212,2.753134795,coresim_m0.4_n50000_e400000_i100000_ACB,4,50000,400000,100000,ACB
coresim_m0.4_n50000_e400000_i100000_ABC,0,0,0,20,0,0,0,0,0,0,6.990870799,0,0,0,0,0,0,1.736648203,0,0,0,0,0,0,3.441315238,0,0,0,0,0,0,2.948700434,0,0,0,6.990870799,1.736648203,3.441315238,2.948700434,coresim_m0.4_n50000_e400000_i100000_ABC,4,50000,400000,100000,ABC
coresim_m0.4_n50000_e400000_i200000_CAB,0,0,0,20,0,0,0,0,0,0,7.4958569,0,0,0,0,0,0,1.832370332,0,0,0,0,0,0,3.630932314,0,0,0,0,0,0,3.132981912,0,0,0,7.4958569,1.832370332,3.630932314,3.132981912,coresim_m0.4_n50000_e400000_i200000_CAB,4,50000,400000,200000,CAB
coresim_m0.4_n50000_e400000_i200000_ACB,0,0,0,20,0,0,0,0,0,0,8.038526355,0,0,0,0,0,0,1.704905009,0,0,0,0,0,0,4.001537785,0,0,0,0,0,0,2.719108055,0,0,0,8.038526355,1.704905009,4.001537785,2.719108055,coresim_m0.4_n50000_e400000_i200000_ACB,4,50000,400000,200000,ACB
coresim_m0.4_n50000_e400000_i200000_ABC,0,0,0,20,0,0,0,0,0,0,7.847390754,0,0,0,0,0,0,1.485245377,0,0,0,0,0,0,4.013772738,0,0,0,0,0,0,3.065629189,0,0,0,7.847390754,1.485245377,4.013772738,3.065629189,coresim_m0.4_n50000_e400000_i200000_ABC,4,50000,400000,200000,ABC
coresim_m0.4_n100000_e200000_i50000_CAB,0,0,19,0,0,0,1,0,0,3.80919357,0,0,0,0.200245708,0,0,1.691626942,0,0,0,0.088958717,0,0,1.896125225,0,0,0,0.098885404,0,0,1.85477991,0,0,0,0.098659736,4.009439277,1.780585659,1.995010628,1.953439645,coresim_m0.4_n100000_e200000_i50000_CAB,4,100000,200000,50000,CAB
coresim_m0.4_n100000_e200000_i50000_ACB,0,0,0,20,0,0,0,0,0,0,4.155215621,0,0,0,0,0,0,1.750961289,0,0,0,0,0,0,2.055385631,0,0,0,0,0,0,1.951320471,0,0,0,4.155215621,1.750961289,2.055385631,1.951320471,coresim_m0.4_n100000_e200000_i50000_ACB,4,100000,200000,50000,ACB
coresim_m0.4_n100000_e200000_i50000_ABC,0,0,0,20,0,0,0,0,0,0,4.226579058,0,0,0,0,0,0,1.684103833,0,0,0,0,0,0,2.087863366,0,0,0,0,0,0,2.009603786,0,0,0,4.226579058,1.684103833,2.087863366,2.009603786,coresim_m0.4_n100000_e200000_i50000_ABC,4,100000,200000,50000,ABC
coresim_m0.4_n100000_e200000_i100000_CAB,0,0,0,13,0,0,7,0,0,0,3.09806251,0,0,1.636749787,0,0,0,1.278764251,0,0,0.683630921,0,0,0,1.49829937,0,0,0.807937864,0,0,0,1.463358155,0,0,0.767041867,4.734812297,1.962395172,2.306237233,2.230400022,coresim_m0.4_n100000_e200000_i100000_CAB,4,100000,200000,100000,CAB
coresim_m0.4_n100000_e200000_i100000_ACB,0,0,0,20,0,0,0,0,0,0,4.989272354,0,0,0,0,0,0,1.859085251,0,0,0,0,0,0,2.423193368,0,0,0,0,0,0,2.094706802,0,0,0,4.989272354,1.859085251,2.423193368,2.094706802,coresim_m0.4_n100000_e200000_i100000_ACB,4,100000,200000,100000,ACB
coresim_m0.4_n100000_e200000_i100000_ABC,0,0,0,20,0,0,0,0,0,0,5.081968601,0,0,0,0,0,0,1.686981592,0,0,0,0,0,0,2.491384278,0,0,0,0,0,0,2.247816962,0,0,0,5.081968601,1.686981592,2.491384278,2.247816962,coresim_m0.4_n100000_e200000_i100000_ABC,4,100000,200000,100000,ABC
coresim_m0.4_n100000_e200000_i200000_CAB,0,0,0,20,0,0,0,0,0,0,5.683335876,0,0,0,0,0,0,2.084512636,0,0,0,0,0,0,2.699207861,0,0,0,0,0,0,2.526091362,0,0,0,5.683335876,2.084512636,2.699207861,2.526091362,coresim_m0.4_n100000_e200000_i200000_CAB,4,100000,200000,200000,CAB
coresim_m0.4_n100000_e200000_i200000_ACB,0,0,0,20,0,0,0,0,0,0,6.10448921,0,0,0,0,0,0,1.870686629,0,0,0,0,0,0,2.970516073,0,0,0,0,0,0,2.162411878,0,0,0,6.10448921,1.870686629,2.970516073,2.162411878,coresim_m0.4_n100000_e200000_i200000_ACB,4,100000,200000,200000,ACB
coresim_m0.4_n100000_e200000_i200000_ABC,0,0,0,20,0,0,0,0,0,0,6.147267265,0,0,0,0,0,0,1.550617892,0,0,0,0,0,0,3.074117945,0,0,0,0,0,0,2.487281793,0,0,0,6.147267265,1.550617892,3.074117945,2.487281793,coresim_m0.4_n100000_e200000_i200000_ABC,4,100000,200000,200000,ABC
coresim_m0.4_n100000_e400000_i50000_CAB,0,0,0,20,0,0,0,0,0,0,4.67974495,0,0,0,0,0,0,1.939577078,0,0,0,0,0,0,2.283003176,0,0,0,0,0,0,2.25154247,0,0,0,4.67974495,1.939577078,2.283003176,2.25154247,coresim_m0.4_n100000_e400000_i50000_CAB,4,100000,400000,50000,CAB
coresim_m0.4_n100000_e400000_i50000_ACB,0,0,0,20,0,0,0,0,0,0,4.748605236,0,0,0,0,0,0,1.908906999,0,0,0,0,0,0,2.338481602,0,0,0,0,0,0,2.218512483,0,0,0,4.748605236,1.908906999,2.338481602,2.218512483,coresim_m0.4_n100000_e400000_i50000_ACB,4,100000,400000,50000,ACB
coresim_m0.4_n100000_e400000_i50000_ABC,0,0,0,20,0,0,0,0,0,0,4.781096944,0,0,0,0,0,0,1.85198507,0,0,0,0,0,0,2.361806613,0,0,0,0,0,0,2.263485652,0,0,0,4.781096944,1.85198507,2.361806613,2.263485652,coresim_m0.4_n100000_e400000_i50000_ABC,4,100000,400000,50000,ABC
coresim_m0.4_n100000_e400000_i100000_CAB,0,0,0,20,0,0,0,0,0,0,5.274657768,0,0,0,0,0,0,2.033283967,0,0,0,0,0,0,2.551208844,0,0,0,0,0,0,2.46920794,0,0,0,5.274657768,2.033283967,2.551208844,2.46920794,coresim_m0.4_n100000_e400000_i100000_CAB,4,100000,400000,100000,CAB
coresim_m0.4_n100000_e400000_i100000_ACB,0,0,0,20,0,0,0,0,0,0,5.437534804,0,0,0,0,0,0,1.953346618,0,0,0,0,0,0,2.655157591,0,0,0,0,0,0,2.336023139,0,0,0,5.437534804,1.953346618,2.655157591,2.336023139,coresim_m0.4_n100000_e400000_i100000_ACB,4,100000,400000,100000,ACB
coresim_m0.4_n100000_e400000_i100000_ABC,0,0,0,20,0,0,0,0,0,0,5.451837966,0,0,0,0,0,0,1.820543284,0,0,0,0,0,0,2.68120071,0,0,0,0,0,0,2.453764476,0,0,0,5.451837966,1.820543284,2.68120071,2.453764476,coresim_m0.4_n100000_e400000_i100000_ABC,4,100000,400000,100000,ABC
coresim_m0.4_n100000_e400000_i200000_ACB,0,0,0,20,0,0,0,0,0,0,6.468289049,0,0,0,0,0,0,1.934505763,0,0,0,0,0,0,3.139888247,0,0,0,0,0,0,2.401551552,0,0,0,6.468289049,1.934505763,3.139888247,2.401551552,coresim_m0.4_n100000_e400000_i200000_ACB,4,100000,400000,200000,ACB
coresim_m0.4_n100000_e400000_i200000_ABC,0,0,0,20,0,0,0,0,0,0,6.381744291,0,0,0,0,0,0,1.667780257,0,0,0,0,0,0,3.192801742,0,0,0,0,0,0,2.650873312,0,0,0,6.381744291,1.667780257,3.192801742,2.650873312,coresim_m0.4_n100000_e400000_i200000_ABC,4,100000,400000,200000,ABC
coresim_m0.8_n50000_e200000_i50000_CAB,0,0,0,20,0,0,0,0,0,0,5.327942503,0,0,0,0,0,0,1.995890001,0,0,0,0,0,0,2.56536452,0,0,0,0,0,0,2.477744294,0,0,0,5.327942503,1.995890001,2.56536452,2.477744294,coresim_m0.8_n50000_e200000_i50000_CAB,8,50000,200000,50000,CAB
coresim_m0.8_n50000_e200000_i50000_ACB,0,0,0,20,0,0,0,0,0,0,5.496278052,0,0,0,0,0,0,1.91284142,0,0,0,0,0,0,2.683163566,0,0,0,0,0,0,2.339878164,0,0,0,5.496278052,1.91284142,2.683163566,2.339878164,coresim_m0.8_n50000_e200000_i50000_ACB,8,50000,200000,50000,ACB
coresim_m0.8_n50000_e200000_i50000_ABC,0,0,0,20,0,0,0,0,0,0,5.494789286,0,0,0,0,0,0,1.774698118,0,0,0,0,0,0,2.697723322,0,0,0,0,0,0,2.458259473,0,0,0,5.494789286,1.774698118,2.697723322,2.458259473,coresim_m0.8_n50000_e200000_i50000_ABC,8,50000,200000,50000,ABC
coresim_m0.8_n50000_e200000_i100000_CAB,0,0,0,20,0,0,0,0,0,0,6.096145811,0,0,0,0,0,0,2.016739579,0,0,0,0,0,0,2.909122253,0,0,0,0,0,0,2.70079253,0,0,0,6.096145811,2.016739579,2.909122253,2.70079253,coresim_m0.8_n50000_e200000_i100000_CAB,8,50000,200000,100000,CAB
coresim_m0.8_n50000_e200000_i100000_ACB,0,0,0,20,0,0,0,0,0,0,6.41601722,0,0,0,0,0,0,1.861102813,0,0,0,0,0,0,3.152852537,0,0,0,0,0,0,2.402388991,0,0,0,6.41601722,1.861102813,3.152852537,2.402388991,coresim_m0.8_n50000_e200000_i100000_ACB,8,50000,200000,100000,ACB
coresim_m0.8_n50000_e200000_i100000_ABC,0,0,0,20,0,0,0,0,0,0,6.366595576,0,0,0,0,0,0,1.622069057,0,0,0,0,0,0,3.185271729,0,0,0,0,0,0,2.64898886,0,0,0,6.366595576,1.622069057,3.185271729,2.64898886,coresim_m0.8_n50000_e200000_i100000_ABC,8,50000,200000,100000,ABC
coresim_m0.8_n50000_e200000_i200000_CAB,0,0,0,20,0,0,0,0,0,0,6.949947501,0,0,0,0,0,0,1.868680855,0,0,0,0,0,0,3.387300506,0,0,0,0,0,0,2.819500009,0,0,0,6.949947501,1.868680855,3.387300506,2.819500009,coresim_m0.8_n50000_e200000_i200000_CAB,8,50000,200000,200000,CAB
coresim_m0.8_n50000_e200000_i200000_ACB,0,0,0,20,0,0,0,0,0,0,7.616087409,0,0,0,0,0,0,1.681408389,0,0,0,0,0,0,3.829353657,0,0,0,0,0,0,2.409362405,0,0,0,7.616087409,1.681408389,3.829353657,2.409362405,coresim_m0.8_n50000_e200000_i200000_ACB,8,50000,200000,200000,ACB
coresim_m0.8_n50000_e200000_i200000_ABC,0,0,0,20,0,0,0,0,0,0,7.442045571,0,0,0,0,0,0,1.377111438,0,0,0,0,0,0,3.877010276,0,0,0,0,0,0,2.833095241,0,0,0,7.442045571,1.377111438,3.877010276,2.833095241,coresim_m0.8_n50000_e200000_i200000_ABC,8,50000,200000,200000,ABC
coresim_m0.8_n50000_e400000_i50000_CAB,0,0,0,20,0,0,0,0,0,0,6.310900902,0,0,0,0,0,0,1.985931561,0,0,0,0,0,0,2.988150065,0,0,0,0,0,0,2.89511494,0,0,0,6.310900902,1.985931561,2.988150065,2.89511494,coresim_m0.8_n50000_e400000_i50000_CAB,8,50000,400000,50000,CAB
coresim_m0.8_n50000_e400000_i50000_ACB,0,0,0,20,0,0,0,0,0,0,6.428140301,0,0,0,0,0,0,1.943650201,0,0,0,0,0,0,3.12065006,0,0,0,0,0,0,2.790853622,0,0,0,6.428140301,1.943650201,3.12065006,2.790853622,coresim_m0.8_n50000_e400000_i50000_ACB,8,50000,400000,50000,ACB
coresim_m0.8_n50000_e400000_i50000_ABC,0,0,0,20,0,0,0,0,0,0,6.395136026,0,0,0,0,0,0,1.869688826,0,0,0,0,0,0,3.116492204,0,0,0,0,0,0,2.885076115,0,0,0,6.395136026,1.869688826,3.116492204,2.885076115,coresim_m0.8_n50000_e400000_i50000_ABC,8,50000,400000,50000,ABC
coresim_m0.8_n50000_e400000_i100000_CAB,0,0,0,20,0,0,0,0,0,0,6.876871622,0,0,0,0,0,0,1.927256207,0,0,0,0,0,0,3.293576279,0,0,0,0,0,0,3.067519987,0,0,0,6.876871622,1.927256207,3.293576279,3.067519987,coresim_m0.8_n50000_e400000_i100000_CAB,8,50000,400000,100000,CAB
coresim_m0.8_n50000_e400000_i100000_ACB,0,0,0,20,0,0,0,0,0,0,7.109157459,0,0,0,0,0,0,1.829223279,0,0,0,0,0,0,3.50688955,0,0,0,0,0,0,2.817136918,0,0,0,7.109157459,1.829223279,3.50688955,2.817136918,coresim_m0.8_n50000_e400000_i100000_ACB,8,50000,400000,100000,ACB
coresim_m0.8_n50000_e400000_i100000_ABC,0,0,0,20,0,0,0,0,0,0,7.028708779,0,0,0,0,0,0,1.700485852,0,0,0,0,0,0,3.51498046,0,0,0,0,0,0,3.009274471,0,0,0,7.028708779,1.700485852,3.51498046,3.009274471,coresim_m0.8_n50000_e400000_i100000_ABC,8,50000,400000,100000,ABC
coresim_m0.8_n50000_e400000_i200000_CAB,0,0,0,20,0,0,0,0,0,0,7.487894888,0,0,0,0,0,0,1.732741828,0,0,0,0,0,0,3.719072372,0,0,0,0,0,0,3.145651933,0,0,0,7.487894888,1.732741828,3.719072372,3.145651933,coresim_m0.8_n50000_e400000_i200000_CAB,8,50000,400000,200000,CAB
coresim_m0.8_n50000_e400000_i200000_ACB,0,0,0,20,0,0,0,0,0,0,8.06502708,0,0,0,0,0,0,1.620219614,0,0,0,0,0,0,4.097520605,0,0,0,0,0,0,2.781660575,0,0,0,8.06502708,1.620219614,4.097520605,2.781660575,coresim_m0.8_n50000_e400000_i200000_ACB,8,50000,400000,200000,ACB
coresim_m0.8_n50000_e400000_i200000_ABC,0,0,0,20,0,0,0,0,0,0,7.878373043,0,0,0,0,0,0,1.437213028,0,0,0,0,0,0,4.088799662,0,0,0,0,0,0,3.132492437,0,0,0,7.878373043,1.437213028,4.088799662,3.132492437,coresim_m0.8_n50000_e400000_i200000_ABC,8,50000,400000,200000,ABC
coresim_m0.8_n100000_e200000_i50000_CAB,0,0,0,20,0,0,0,0,0,0,4.056501734,0,0,0,0,0,0,1.769818023,0,0,0,0,0,0,2.012748696,0,0,0,0,0,0,1.990489557,0,0,0,4.056501734,1.769818023,2.012748696,1.990489557,coresim_m0.8_n100000_e200000_i50000_CAB,8,100000,200000,50000,CAB
coresim_m0.8_n100000_e200000_i50000_ACB,0,0,0,20,0,0,0,0,0,0,4.182063735,0,0,0,0,0,0,1.737026064,0,0,0,0,0,0,2.076524043,0,0,0,0,0,0,1.961887508,0,0,0,4.182063735,1.737026064,2.076524043,1.961887508,coresim_m0.8_n100000_e200000_i50000_ACB,8,100000,200000,50000,ACB
coresim_m0.8_n100000_e200000_i50000_ABC,0,0,0,20,0,0,0,0,0,0,4.264782123,0,0,0,0,0,0,1.671191465,0,0,0,0,0,0,2.109424551,0,0,0,0,0,0,2.027339419,0,0,0,4.264782123,1.671191465,2.109424551,2.027339419,coresim_m0.8_n100000_e200000_i50000_ABC,8,100000,200000,50000,ABC
coresim_m0.8_n100000_e200000_i100000_CAB,0,0,0,20,0,0,0,0,0,0,4.779806481,0,0,0,0,0,0,1.951000437,0,0,0,0,0,0,2.330549485,0,0,0,0,0,0,2.278492265,0,0,0,4.779806481,1.951000437,2.330549485,2.278492265,coresim_m0.8_n100000_e200000_i100000_CAB,8,100000,200000,100000,CAB
coresim_m0.8_n100000_e200000_i100000_ACB,0,0,0,20,0,0,0,0,0,0,5.016223767,0,0,0,0,0,0,1.843489158,0,0,0,0,0,0,2.454731222,0,0,0,0,0,0,2.118655821,0,0,0,5.016223767,1.843489158,2.454731222,2.118655821,coresim_m0.8_n100000_e200000_i100000_ACB,8,100000,200000,100000,ACB
coresim_m0.8_n100000_e200000_i100000_ABC,0,0,0,20,0,0,0,0,0,0,5.111386101,0,0,0,0,0,0,1.678243509,0,0,0,0,0,0,2.511776608,0,0,0,0,0,0,2.269074356,0,0,0,5.111386101,1.678243509,2.511776608,2.269074356,coresim_m0.8_n100000_e200000_i100000_ABC,8,100000,200000,100000,ABC
coresim_m0.8_n100000_e200000_i200000_CAB,0,0,0,20,0,0,0,0,0,0,5.739007861,0,0,0,0,0,0,2.071491735,0,0,0,0,0,0,2.738931629,0,0,0,0,0,0,2.54859478,0,0,0,5.739007861,2.071491735,2.738931629,2.54859478,coresim_m0.8_n100000_e200000_i200000_CAB,8,100000,200000,200000,CAB
coresim_m0.8_n100000_e200000_i200000_ACB,0,0,0,20,0,0,0,0,0,0,6.134928084,0,0,0,0,0,0,1.858696213,0,0,0,0,0,0,3.001037925,0,0,0,0,0,0,2.214320617,0,0,0,6.134928084,1.858696213,3.001037925,2.214320617,coresim_m0.8_n100000_e200000_i200000_ACB,8,100000,200000,200000,ACB
coresim_m0.8_n100000_e200000_i200000_ABC,0,0,0,20,0,0,0,0,0,0,6.178506848,0,0,0,0,0,0,1.544550495,0,0,0,0,0,0,3.099055413,0,0,0,0,0,0,2.50577433,0,0,0,6.178506848,1.544550495,3.099055413,2.50577433,coresim_m0.8_n100000_e200000_i200000_ABC,8,100000,200000,200000,ABC
coresim_m0.8_n100000_e400000_i50000_CAB,0,0,0,20,0,0,0,0,0,0,4.757786855,0,0,0,0,0,0,1.922477171,0,0,0,0,0,0,2.323326045,0,0,0,0,0,0,2.289921478,0,0,0,4.757786855,1.922477171,2.323326045,2.289921478,coresim_m0.8_n100000_e400000_i50000_CAB,8,100000,400000,50000,CAB
coresim_m0.8_n100000_e400000_i50000_ACB,0,0,0,20,0,0,0,0,0,0,4.826801559,0,0,0,0,0,0,1.892962303,0,0,0,0,0,0,2.376079928,0,0,0,0,0,0,2.2489543,0,0,0,4.826801559,1.892962303,2.376079928,2.2489543,coresim_m0.8_n100000_e400000_i50000_ACB,8,100000,400000,50000,ACB
coresim_m0.8_n100000_e400000_i50000_ABC,0,0,0,20,0,0,0,0,0,0,4.853958549,0,0,0,0,0,0,1.839422869,0,0,0,0,0,0,2.391271479,0,0,0,0,0,0,2.293340766,0,0,0,4.853958549,1.839422869,2.391271479,2.293340766,coresim_m0.8_n100000_e400000_i50000_ABC,8,100000,400000,50000,ABC
coresim_m0.8_n100000_e400000_i100000_CAB,0,0,0,20,0,0,0,0,0,0,5.360482216,0,0,0,0,0,0,2.014534544,0,0,0,0,0,0,2.592665606,0,0,0,0,0,0,2.508718989,0,0,0,5.360482216,2.014534544,2.592665606,2.508718989,coresim_m0.8_n100000_e400000_i100000_CAB,8,100000,400000,100000,CAB
coresim_m0.8_n100000_e400000_i100000_ACB,0,0,0,20,0,0,0,0,0,0,5.527662088,0,0,0,0,0,0,1.937301257,0,0,0,0,0,0,2.703235839,0,0,0,0,0,0,2.363577899,0,0,0,5.527662088,1.937301257,2.703235839,2.363577899,coresim_m0.8_n100000_e400000_i100000_ACB,8,100000,400000,100000,ACB
coresim_m0.8_n100000_e400000_i100000_ABC,0,0,0,20,0,0,0,0,0,0,5.521964116,0,0,0,0,0,0,1.804206778,0,0,0,0,0,0,2.724514739,0,0,0,0,0,0,2.491294703,0,0,0,5.521964116,1.804206778,2.724514739,2.491294703,coresim_m0.8_n100000_e400000_i100000_ABC,8,100000,400000,100000,ABC
coresim_m0.8_n100000_e400000_i200000_CAB,0,0,0,20,0,0,0,0,0,0,6.19070043,0,0,0,0,0,0,2.04912024,0,0,0,0,0,0,2.961186571,0,0,0,0,0,0,2.73977947,0,0,0,6.19070043,2.04912024,2.961186571,2.73977947,coresim_m0.8_n100000_e400000_i200000_CAB,8,100000,400000,200000,CAB
coresim_m0.8_n100000_e400000_i200000_ACB,0,0,0,20,0,0,0,0,0,0,6.506309293,0,0,0,0,0,0,1.890263242,0,0,0,0,0,0,3.205987194,0,0,0,0,0,0,2.444039274,0,0,0,6.506309293,1.890263242,3.205987194,2.444039274,coresim_m0.8_n100000_e400000_i200000_ACB,8,100000,400000,200000,ACB
coresim_m0.8_n100000_e400000_i200000_ABC,0,0,0,20,0,0,0,0,0,0,6.449013412,0,0,0,0,0,0,1.654853851,0,0,0,0,0,0,3.233437989,0,0,0,0,0,0,2.698461879,0,0,0,6.449013412,1.654853851,3.233437989,2.698461879,coresim_m0.8_n100000_e400000_i200000_ABC,8,100000,400000,200000,ABC
coresim_m0.4_n100000_e400000_i200000_CAB,0,0,0,20,0,0,0,0,0,0,6.109129625,0,0,0,0,0,0,2.077314372,0,0,0,0,0,0,2.909223791,0,0,0,0,0,0,2.715601672,0,0,0,6.109129625,2.077314372,2.909223791,2.715601672,coresim_m0.4_n100000_e400000_i200000_CAB,4,100000,400000,200000,CAB
